[
  {
    "id": "e40d1a47-b78b-47f9-930a-394f45edf1ee",
    "data": [
      {
        "text": "for",
        "userDefined": false
      },
      {
        "text": " 5",
        "alias": "number",
        "meta": "@sys.number",
        "userDefined": true
      },
      {
        "text": " years",
        "userDefined": false
      }
    ],
    "isTemplate": false,
    "count": 1,
    "updated": 0
  },
  {
    "id": "26fb421d-866a-47c6-a371-1c215d42e52d",
    "data": [
      {
        "text": "about ",
        "userDefined": false
      },
      {
        "text": "4",
        "alias": "number",
        "meta": "@sys.number",
        "userDefined": true
      },
      {
        "text": " days",
        "userDefined": false
      }
    ],
    "isTemplate": false,
    "count": 0,
    "updated": 0
  },
  {
    "id": "9a2294f9-ff26-4bb3-b45c-4e98eaa5bdf3",
    "data": [
      {
        "text": "3",
        "alias": "number",
        "meta": "@sys.number",
        "userDefined": true
      },
      {
        "text": " years",
        "userDefined": false
      }
    ],
    "isTemplate": false,
    "count": 0,
    "updated": 0
  }
]