[
  {
    "id": "3ee65f42-ab10-42b3-9b2b-6e19ec5edd6e",
    "data": [
      {
        "text": "I know ",
        "userDefined": false
      },
      {
        "text": "how to",
        "meta": "@sys.ignore",
        "userDefined": false
      },
      {
        "text": " code in ",
        "userDefined": false
      },
      {
        "text": "Java",
        "alias": "language-programming",
        "meta": "@language-programming",
        "userDefined": true
      }
    ],
    "isTemplate": false,
    "count": 0,
    "updated": 0
  },
  {
    "id": "92310791-0500-4d8c-90f2-6329a212ffdb",
    "data": [
      {
        "text": "I know ",
        "userDefined": false
      },
      {
        "text": "Javascript",
        "alias": "language-programming",
        "meta": "@language-programming",
        "userDefined": true
      }
    ],
    "isTemplate": false,
    "count": 0,
    "updated": 0
  },
  {
    "id": "22a02894-ee05-4d30-8fb5-dd0dd1e81488",
    "data": [
      {
        "text": "I know ",
        "userDefined": false
      },
      {
        "text": "how to",
        "meta": "@sys.ignore",
        "userDefined": false
      },
      {
        "text": " write in ",
        "userDefined": false
      },
      {
        "text": "German",
        "alias": "language",
        "meta": "@sys.language",
        "userDefined": false
      }
    ],
    "isTemplate": false,
    "count": 1,
    "updated": 0
  },
  {
    "id": "458122df-1030-4e6e-9bea-c89640a4e16f",
    "data": [
      {
        "text": "I ",
        "userDefined": false
      },
      {
        "text": "speak",
        "meta": "@sys.ignore",
        "userDefined": false
      },
      {
        "text": " ",
        "userDefined": false
      },
      {
        "text": "French",
        "alias": "language",
        "meta": "@sys.language",
        "userDefined": false
      }
    ],
    "isTemplate": false,
    "count": 0,
    "updated": 0
  },
  {
    "id": "2c834a7d-afcb-48cd-a119-e416b6c19e10",
    "data": [
      {
        "text": "I know ",
        "userDefined": false
      },
      {
        "text": "English",
        "alias": "language",
        "meta": "@sys.language",
        "userDefined": true
      }
    ],
    "isTemplate": false,
    "count": 0,
    "updated": 0
  }
]